model_name,train_acc,test_acc,cv_mean,cv_std,precision,recall,f1,training_time
Random Forest,0.978,0.96435,0.9654625000000001,0.0009182183836103324,0.964351995393644,0.96435,0.9643499344929243,97.60736203193665
XGBoost,0.9745375,0.96435,0.9650874999999999,0.0006761564168149175,0.9643500343050342,0.96435,0.9643499954546216,3.528270959854126
Logistic Regression,0.9659625,0.96455,0.9659625000000001,0.00029738443133425465,0.9650480601335768,0.96455,0.9645409269204236,1.164876937866211
Decision Tree,0.9639375,0.9616,0.9614125000000001,0.00279441407096371,0.9620902373472919,0.9616,0.9615893562839661,0.7385876178741455
